{
    "v": "5.6.6",
    "fr": 60,
    "ip": 0,
    "op": 135,
    "w": 100,
    "h": 100,
    "nm": "pre",
    "ddd": 0,
    "assets": [],
    "layers": [
        {
            "ddd": 0,
            "ind": 1,
            "ty": 4,
            "nm": "Слой-фигура 4",
            "parent": 5,
            "sr": 1,
            "ks": {
                "o": {
                    "a": 1,
                    "k": [
                        {
                            "i": {
                                "x": [
                                    0.833
                                ],
                                "y": [
                                    0.833
                                ]
                            },
                            "o": {
                                "x": [
                                    0.167
                                ],
                                "y": [
                                    0.167
                                ]
                            },
                            "t": 125,
                            "s": [
                                100
                            ]
                        },
                        {
                            "t": 135,
                            "s": [
                                0
                            ]
                        }
                    ],
                    "ix": 11
                },
                "r": {
                    "a": 0,
                    "k": 0,
                    "ix": 10
                },
                "p": {
                    "a": 1,
                    "k": [
                        {
                            "i": {
                                "x": 0.667,
                                "y": 1
                            },
                            "o": {
                                "x": 0.333,
                                "y": 0
                            },
                            "t": 0,
                            "s": [
                                5.806,
                                53.299,
                                0
                            ],
                            "to": [
                                0,
                                0,
                                0
                            ],
                            "ti": [
                                0,
                                0,
                                0
                            ]
                        },
                        {
                            "i": {
                                "x": 0.667,
                                "y": 0.667
                            },
                            "o": {
                                "x": 0.333,
                                "y": 0.333
                            },
                            "t": 35,
                            "s": [
                                5.806,
                                41.791,
                                0
                            ],
                            "to": [
                                0,
                                0,
                                0
                            ],
                            "ti": [
                                0,
                                0,
                                0
                            ]
                        },
                        {
                            "i": {
                                "x": 0.667,
                                "y": 0.667
                            },
                            "o": {
                                "x": 0.333,
                                "y": 0.333
                            },
                            "t": 60,
                            "s": [
                                5.806,
                                41.791,
                                0
                            ],
                            "to": [
                                0,
                                0,
                                0
                            ],
                            "ti": [
                                0,
                                0,
                                0
                            ]
                        },
                        {
                            "i": {
                                "x": 0.667,
                                "y": 1
                            },
                            "o": {
                                "x": 0.333,
                                "y": 0
                            },
                            "t": 105,
                            "s": [
                                5.806,
                                41.791,
                                0
                            ],
                            "to": [
                                0,
                                0,
                                0
                            ],
                            "ti": [
                                0,
                                0,
                                0
                            ]
                        },
                        {
                            "t": 135,
                            "s": [
                                5.806,
                                30.638,
                                0
                            ]
                        }
                    ],
                    "ix": 2
                },
                "a": {
                    "a": 0,
                    "k": [
                        0,
                        0,
                        0
                    ],
                    "ix": 1
                },
                "s": {
                    "a": 0,
                    "k": [
                        54.582,
                        70.815,
                        100
                    ],
                    "ix": 6
                }
            },
            "ao": 0,
            "shapes": [
                {
                    "ty": "gr",
                    "it": [
                        {
                            "d": 1,
                            "ty": "el",
                            "s": {
                                "a": 0,
                                "k": [
                                    24,
                                    24
                                ],
                                "ix": 2
                            },
                            "p": {
                                "a": 0,
                                "k": [
                                    0,
                                    0
                                ],
                                "ix": 3
                            },
                            "nm": "Контур эллипса 1",
                            "mn": "ADBE Vector Shape - Ellipse",
                            "hd": false
                        },
                        {
                            "ty": "fl",
                            "c": {
                                "a": 0,
                                "k": [
                                    0.815686334348,
                                    0.066666666667,
                                    0.227450995352,
                                    1
                                ],
                                "ix": 4
                            },
                            "o": {
                                "a": 0,
                                "k": 100,
                                "ix": 5
                            },
                            "r": 1,
                            "bm": 0,
                            "nm": "Заливка 1",
                            "mn": "ADBE Vector Graphic - Fill",
                            "hd": false
                        },
                        {
                            "ty": "tr",
                            "p": {
                                "a": 0,
                                "k": [
                                    -44.625,
                                    84.625
                                ],
                                "ix": 2
                            },
                            "a": {
                                "a": 0,
                                "k": [
                                    0,
                                    0
                                ],
                                "ix": 1
                            },
                            "s": {
                                "a": 0,
                                "k": [
                                    113.144,
                                    113.144
                                ],
                                "ix": 3
                            },
                            "r": {
                                "a": 0,
                                "k": 0,
                                "ix": 6
                            },
                            "o": {
                                "a": 0,
                                "k": 100,
                                "ix": 7
                            },
                            "sk": {
                                "a": 0,
                                "k": 0,
                                "ix": 4
                            },
                            "sa": {
                                "a": 0,
                                "k": 0,
                                "ix": 5
                            },
                            "nm": "Преобразовать"
                        }
                    ],
                    "nm": "Эллипс 1",
                    "np": 3,
                    "cix": 2,
                    "bm": 0,
                    "ix": 1,
                    "mn": "ADBE Vector Group",
                    "hd": false
                }
            ],
            "ip": 0,
            "op": 135,
            "st": 0,
            "bm": 0
        },
        {
            "ddd": 0,
            "ind": 2,
            "ty": 4,
            "nm": "Слой-фигура 3",
            "parent": 5,
            "sr": 1,
            "ks": {
                "o": {
                    "a": 1,
                    "k": [
                        {
                            "i": {
                                "x": [
                                    0.833
                                ],
                                "y": [
                                    0.833
                                ]
                            },
                            "o": {
                                "x": [
                                    0.167
                                ],
                                "y": [
                                    0.167
                                ]
                            },
                            "t": 125,
                            "s": [
                                100
                            ]
                        },
                        {
                            "t": 135,
                            "s": [
                                0
                            ]
                        }
                    ],
                    "ix": 11
                },
                "r": {
                    "a": 0,
                    "k": 0,
                    "ix": 10
                },
                "p": {
                    "a": 1,
                    "k": [
                        {
                            "i": {
                                "x": 0.667,
                                "y": 1
                            },
                            "o": {
                                "x": 0.333,
                                "y": 0
                            },
                            "t": 0,
                            "s": [
                                -12.206,
                                53.299,
                                0
                            ],
                            "to": [
                                0,
                                0,
                                0
                            ],
                            "ti": [
                                0,
                                0,
                                0
                            ]
                        },
                        {
                            "i": {
                                "x": 0.667,
                                "y": 0.667
                            },
                            "o": {
                                "x": 0.333,
                                "y": 0.333
                            },
                            "t": 35,
                            "s": [
                                -12.206,
                                41.791,
                                0
                            ],
                            "to": [
                                0,
                                0,
                                0
                            ],
                            "ti": [
                                0,
                                0,
                                0
                            ]
                        },
                        {
                            "i": {
                                "x": 0.667,
                                "y": 0.667
                            },
                            "o": {
                                "x": 0.333,
                                "y": 0.333
                            },
                            "t": 60,
                            "s": [
                                -12.206,
                                41.791,
                                0
                            ],
                            "to": [
                                0,
                                0,
                                0
                            ],
                            "ti": [
                                0,
                                0,
                                0
                            ]
                        },
                        {
                            "i": {
                                "x": 0.667,
                                "y": 1
                            },
                            "o": {
                                "x": 0.333,
                                "y": 0
                            },
                            "t": 105,
                            "s": [
                                -12.206,
                                41.791,
                                0
                            ],
                            "to": [
                                0,
                                0,
                                0
                            ],
                            "ti": [
                                0,
                                0,
                                0
                            ]
                        },
                        {
                            "t": 135,
                            "s": [
                                -12.206,
                                30.461,
                                0
                            ]
                        }
                    ],
                    "ix": 2
                },
                "a": {
                    "a": 0,
                    "k": [
                        0,
                        0,
                        0
                    ],
                    "ix": 1
                },
                "s": {
                    "a": 0,
                    "k": [
                        54.582,
                        70.815,
                        100
                    ],
                    "ix": 6
                }
            },
            "ao": 0,
            "shapes": [
                {
                    "ty": "gr",
                    "it": [
                        {
                            "d": 1,
                            "ty": "el",
                            "s": {
                                "a": 0,
                                "k": [
                                    24,
                                    24
                                ],
                                "ix": 2
                            },
                            "p": {
                                "a": 0,
                                "k": [
                                    0,
                                    0
                                ],
                                "ix": 3
                            },
                            "nm": "Контур эллипса 1",
                            "mn": "ADBE Vector Shape - Ellipse",
                            "hd": false
                        },
                        {
                            "ty": "fl",
                            "c": {
                                "a": 0,
                                "k": [
                                    0.815686334348,
                                    0.066666666667,
                                    0.227450995352,
                                    1
                                ],
                                "ix": 4
                            },
                            "o": {
                                "a": 0,
                                "k": 100,
                                "ix": 5
                            },
                            "r": 1,
                            "bm": 0,
                            "nm": "Заливка 1",
                            "mn": "ADBE Vector Graphic - Fill",
                            "hd": false
                        },
                        {
                            "ty": "tr",
                            "p": {
                                "a": 0,
                                "k": [
                                    -44.625,
                                    84.625
                                ],
                                "ix": 2
                            },
                            "a": {
                                "a": 0,
                                "k": [
                                    0,
                                    0
                                ],
                                "ix": 1
                            },
                            "s": {
                                "a": 0,
                                "k": [
                                    113.144,
                                    113.144
                                ],
                                "ix": 3
                            },
                            "r": {
                                "a": 0,
                                "k": 0,
                                "ix": 6
                            },
                            "o": {
                                "a": 0,
                                "k": 100,
                                "ix": 7
                            },
                            "sk": {
                                "a": 0,
                                "k": 0,
                                "ix": 4
                            },
                            "sa": {
                                "a": 0,
                                "k": 0,
                                "ix": 5
                            },
                            "nm": "Преобразовать"
                        }
                    ],
                    "nm": "Эллипс 1",
                    "np": 3,
                    "cix": 2,
                    "bm": 0,
                    "ix": 1,
                    "mn": "ADBE Vector Group",
                    "hd": false
                }
            ],
            "ip": 0,
            "op": 135,
            "st": 0,
            "bm": 0
        },
        {
            "ddd": 0,
            "ind": 3,
            "ty": 4,
            "nm": "Слой-фигура 2",
            "parent": 5,
            "sr": 1,
            "ks": {
                "o": {
                    "a": 1,
                    "k": [
                        {
                            "i": {
                                "x": [
                                    0.833
                                ],
                                "y": [
                                    0.833
                                ]
                            },
                            "o": {
                                "x": [
                                    0.167
                                ],
                                "y": [
                                    0.167
                                ]
                            },
                            "t": 125,
                            "s": [
                                100
                            ]
                        },
                        {
                            "t": 135,
                            "s": [
                                0
                            ]
                        }
                    ],
                    "ix": 11
                },
                "r": {
                    "a": 0,
                    "k": 0,
                    "ix": 10
                },
                "p": {
                    "a": 1,
                    "k": [
                        {
                            "i": {
                                "x": 0.667,
                                "y": 1
                            },
                            "o": {
                                "x": 0.333,
                                "y": 0
                            },
                            "t": 0,
                            "s": [
                                5.806,
                                30.284,
                                0
                            ],
                            "to": [
                                0,
                                0,
                                0
                            ],
                            "ti": [
                                0,
                                0,
                                0
                            ]
                        },
                        {
                            "i": {
                                "x": 0.667,
                                "y": 0.667
                            },
                            "o": {
                                "x": 0.333,
                                "y": 0.333
                            },
                            "t": 35,
                            "s": [
                                5.806,
                                41.791,
                                0
                            ],
                            "to": [
                                0,
                                0,
                                0
                            ],
                            "ti": [
                                0,
                                0,
                                0
                            ]
                        },
                        {
                            "i": {
                                "x": 0.667,
                                "y": 0.667
                            },
                            "o": {
                                "x": 0.333,
                                "y": 0.333
                            },
                            "t": 60,
                            "s": [
                                5.806,
                                41.791,
                                0
                            ],
                            "to": [
                                0,
                                0,
                                0
                            ],
                            "ti": [
                                0,
                                0,
                                0
                            ]
                        },
                        {
                            "i": {
                                "x": 0.667,
                                "y": 1
                            },
                            "o": {
                                "x": 0.333,
                                "y": 0
                            },
                            "t": 105,
                            "s": [
                                5.806,
                                41.791,
                                0
                            ],
                            "to": [
                                0,
                                0,
                                0
                            ],
                            "ti": [
                                0,
                                0,
                                0
                            ]
                        },
                        {
                            "t": 135,
                            "s": [
                                5.806,
                                54.184,
                                0
                            ]
                        }
                    ],
                    "ix": 2
                },
                "a": {
                    "a": 0,
                    "k": [
                        0,
                        0,
                        0
                    ],
                    "ix": 1
                },
                "s": {
                    "a": 0,
                    "k": [
                        54.582,
                        70.815,
                        100
                    ],
                    "ix": 6
                }
            },
            "ao": 0,
            "shapes": [
                {
                    "ty": "gr",
                    "it": [
                        {
                            "d": 1,
                            "ty": "el",
                            "s": {
                                "a": 0,
                                "k": [
                                    24,
                                    24
                                ],
                                "ix": 2
                            },
                            "p": {
                                "a": 0,
                                "k": [
                                    0,
                                    0
                                ],
                                "ix": 3
                            },
                            "nm": "Контур эллипса 1",
                            "mn": "ADBE Vector Shape - Ellipse",
                            "hd": false
                        },
                        {
                            "ty": "fl",
                            "c": {
                                "a": 0,
                                "k": [
                                    0.815686334348,
                                    0.066666666667,
                                    0.227450995352,
                                    1
                                ],
                                "ix": 4
                            },
                            "o": {
                                "a": 0,
                                "k": 100,
                                "ix": 5
                            },
                            "r": 1,
                            "bm": 0,
                            "nm": "Заливка 1",
                            "mn": "ADBE Vector Graphic - Fill",
                            "hd": false
                        },
                        {
                            "ty": "tr",
                            "p": {
                                "a": 0,
                                "k": [
                                    -44.625,
                                    84.625
                                ],
                                "ix": 2
                            },
                            "a": {
                                "a": 0,
                                "k": [
                                    0,
                                    0
                                ],
                                "ix": 1
                            },
                            "s": {
                                "a": 0,
                                "k": [
                                    113.144,
                                    113.144
                                ],
                                "ix": 3
                            },
                            "r": {
                                "a": 0,
                                "k": 0,
                                "ix": 6
                            },
                            "o": {
                                "a": 0,
                                "k": 100,
                                "ix": 7
                            },
                            "sk": {
                                "a": 0,
                                "k": 0,
                                "ix": 4
                            },
                            "sa": {
                                "a": 0,
                                "k": 0,
                                "ix": 5
                            },
                            "nm": "Преобразовать"
                        }
                    ],
                    "nm": "Эллипс 1",
                    "np": 3,
                    "cix": 2,
                    "bm": 0,
                    "ix": 1,
                    "mn": "ADBE Vector Group",
                    "hd": false
                }
            ],
            "ip": 0,
            "op": 135,
            "st": 0,
            "bm": 0
        },
        {
            "ddd": 0,
            "ind": 4,
            "ty": 4,
            "nm": "Слой-фигура 1",
            "parent": 5,
            "sr": 1,
            "ks": {
                "o": {
                    "a": 1,
                    "k": [
                        {
                            "i": {
                                "x": [
                                    0.833
                                ],
                                "y": [
                                    0.833
                                ]
                            },
                            "o": {
                                "x": [
                                    0.167
                                ],
                                "y": [
                                    0.167
                                ]
                            },
                            "t": 125,
                            "s": [
                                100
                            ]
                        },
                        {
                            "t": 135,
                            "s": [
                                0
                            ]
                        }
                    ],
                    "ix": 11
                },
                "r": {
                    "a": 0,
                    "k": 0,
                    "ix": 10
                },
                "p": {
                    "a": 1,
                    "k": [
                        {
                            "i": {
                                "x": 0.667,
                                "y": 1
                            },
                            "o": {
                                "x": 0.333,
                                "y": 0
                            },
                            "t": 0,
                            "s": [
                                -12.206,
                                30.284,
                                0
                            ],
                            "to": [
                                0,
                                0,
                                0
                            ],
                            "ti": [
                                0,
                                0,
                                0
                            ]
                        },
                        {
                            "i": {
                                "x": 0.667,
                                "y": 0.667
                            },
                            "o": {
                                "x": 0.333,
                                "y": 0.333
                            },
                            "t": 35,
                            "s": [
                                -12.206,
                                41.791,
                                0
                            ],
                            "to": [
                                0,
                                0,
                                0
                            ],
                            "ti": [
                                0,
                                0,
                                0
                            ]
                        },
                        {
                            "i": {
                                "x": 0.667,
                                "y": 0.667
                            },
                            "o": {
                                "x": 0.333,
                                "y": 0.333
                            },
                            "t": 60,
                            "s": [
                                -12.206,
                                41.791,
                                0
                            ],
                            "to": [
                                0,
                                0,
                                0
                            ],
                            "ti": [
                                0,
                                0,
                                0
                            ]
                        },
                        {
                            "i": {
                                "x": 0.667,
                                "y": 1
                            },
                            "o": {
                                "x": 0.333,
                                "y": 0
                            },
                            "t": 105,
                            "s": [
                                -12.206,
                                41.791,
                                0
                            ],
                            "to": [
                                0,
                                0,
                                0
                            ],
                            "ti": [
                                0,
                                0,
                                0
                            ]
                        },
                        {
                            "t": 135,
                            "s": [
                                -12.206,
                                54.184,
                                0
                            ]
                        }
                    ],
                    "ix": 2
                },
                "a": {
                    "a": 0,
                    "k": [
                        0,
                        0,
                        0
                    ],
                    "ix": 1
                },
                "s": {
                    "a": 0,
                    "k": [
                        54.582,
                        70.815,
                        100
                    ],
                    "ix": 6
                }
            },
            "ao": 0,
            "shapes": [
                {
                    "ty": "gr",
                    "it": [
                        {
                            "d": 1,
                            "ty": "el",
                            "s": {
                                "a": 0,
                                "k": [
                                    24,
                                    24
                                ],
                                "ix": 2
                            },
                            "p": {
                                "a": 0,
                                "k": [
                                    0,
                                    0
                                ],
                                "ix": 3
                            },
                            "nm": "Контур эллипса 1",
                            "mn": "ADBE Vector Shape - Ellipse",
                            "hd": false
                        },
                        {
                            "ty": "fl",
                            "c": {
                                "a": 0,
                                "k": [
                                    0.815686334348,
                                    0.066666666667,
                                    0.227450995352,
                                    1
                                ],
                                "ix": 4
                            },
                            "o": {
                                "a": 0,
                                "k": 100,
                                "ix": 5
                            },
                            "r": 1,
                            "bm": 0,
                            "nm": "Заливка 1",
                            "mn": "ADBE Vector Graphic - Fill",
                            "hd": false
                        },
                        {
                            "ty": "tr",
                            "p": {
                                "a": 0,
                                "k": [
                                    -44.625,
                                    84.625
                                ],
                                "ix": 2
                            },
                            "a": {
                                "a": 0,
                                "k": [
                                    0,
                                    0
                                ],
                                "ix": 1
                            },
                            "s": {
                                "a": 0,
                                "k": [
                                    113.144,
                                    113.144
                                ],
                                "ix": 3
                            },
                            "r": {
                                "a": 0,
                                "k": 0,
                                "ix": 6
                            },
                            "o": {
                                "a": 0,
                                "k": 100,
                                "ix": 7
                            },
                            "sk": {
                                "a": 0,
                                "k": 0,
                                "ix": 4
                            },
                            "sa": {
                                "a": 0,
                                "k": 0,
                                "ix": 5
                            },
                            "nm": "Преобразовать"
                        }
                    ],
                    "nm": "Эллипс 1",
                    "np": 3,
                    "cix": 2,
                    "bm": 0,
                    "ix": 1,
                    "mn": "ADBE Vector Group",
                    "hd": false
                }
            ],
            "ip": 0,
            "op": 135,
            "st": 0,
            "bm": 0
        },
        {
            "ddd": 0,
            "ind": 5,
            "ty": 4,
            "nm": "Слой-фигура 5",
            "sr": 1,
            "ks": {
                "o": {
                    "a": 0,
                    "k": 0,
                    "ix": 11
                },
                "r": {
                    "a": 1,
                    "k": [
                        {
                            "i": {
                                "x": [
                                    0.833
                                ],
                                "y": [
                                    1
                                ]
                            },
                            "o": {
                                "x": [
                                    0.333
                                ],
                                "y": [
                                    0
                                ]
                            },
                            "t": 60,
                            "s": [
                                0
                            ]
                        },
                        {
                            "t": 80,
                            "s": [
                                90
                            ]
                        }
                    ],
                    "ix": 10
                },
                "p": {
                    "a": 0,
                    "k": [
                        50.25,
                        50.125,
                        0
                    ],
                    "ix": 2
                },
                "a": {
                    "a": 0,
                    "k": [
                        -27.625,
                        102.25,
                        0
                    ],
                    "ix": 1
                },
                "s": {
                    "a": 0,
                    "k": [
                        183.212,
                        141.212,
                        100
                    ],
                    "ix": 6
                }
            },
            "ao": 0,
            "shapes": [
                {
                    "ty": "gr",
                    "it": [
                        {
                            "ty": "rc",
                            "d": 1,
                            "s": {
                                "a": 0,
                                "k": [
                                    34.25,
                                    41.25
                                ],
                                "ix": 2
                            },
                            "p": {
                                "a": 0,
                                "k": [
                                    0,
                                    0
                                ],
                                "ix": 3
                            },
                            "r": {
                                "a": 0,
                                "k": 0,
                                "ix": 4
                            },
                            "nm": "Контур прямоугольника 1",
                            "mn": "ADBE Vector Shape - Rect",
                            "hd": false
                        },
                        {
                            "ty": "fl",
                            "c": {
                                "a": 0,
                                "k": [
                                    0.63529399797,
                                    0.811765005074,
                                    0.486274988511,
                                    1
                                ],
                                "ix": 4
                            },
                            "o": {
                                "a": 0,
                                "k": 100,
                                "ix": 5
                            },
                            "r": 1,
                            "bm": 0,
                            "nm": "Заливка 1",
                            "mn": "ADBE Vector Graphic - Fill",
                            "hd": false
                        },
                        {
                            "ty": "tr",
                            "p": {
                                "a": 0,
                                "k": [
                                    -27.625,
                                    102.25
                                ],
                                "ix": 2
                            },
                            "a": {
                                "a": 0,
                                "k": [
                                    0,
                                    0
                                ],
                                "ix": 1
                            },
                            "s": {
                                "a": 0,
                                "k": [
                                    100,
                                    100
                                ],
                                "ix": 3
                            },
                            "r": {
                                "a": 0,
                                "k": 0,
                                "ix": 6
                            },
                            "o": {
                                "a": 0,
                                "k": 100,
                                "ix": 7
                            },
                            "sk": {
                                "a": 0,
                                "k": 0,
                                "ix": 4
                            },
                            "sa": {
                                "a": 0,
                                "k": 0,
                                "ix": 5
                            },
                            "nm": "Преобразовать"
                        }
                    ],
                    "nm": "Прямоугольник 1",
                    "np": 3,
                    "cix": 2,
                    "bm": 0,
                    "ix": 1,
                    "mn": "ADBE Vector Group",
                    "hd": false
                }
            ],
            "ip": 0,
            "op": 135,
            "st": 0,
            "bm": 0
        }
    ],
    "markers": []
}